collection,id,plasmid_name,left_overhang,right_overhang,longest_feature_type,error,path
Ecoli Nanobody Toolkit,T3C_Linker14,,,,,No edges found,../Ecoli Nanobody Toolkit/genbank_seq/T3C_Linker14.gb
Ecoli Nanobody Toolkit,BC_RJ_SD8,,AGTA,CATT,CDS,,../Ecoli Nanobody Toolkit/genbank_seq/BC_RJ_SD8.gb
Ecoli Nanobody Toolkit,T1T3_LgBit,,ATGG,TGGA,misc_feature,,../Ecoli Nanobody Toolkit/genbank_seq/T1T3_LgBit.gb
Ecoli Nanobody Toolkit,EF_TermT7,,,,,No edges found,../Ecoli Nanobody Toolkit/genbank_seq/EF_TermT7.gb
Ecoli Nanobody Toolkit,CD_eGFP,,,,,No edges found,../Ecoli Nanobody Toolkit/genbank_seq/CD_eGFP.gb
Ecoli Nanobody Toolkit,T1T3_T7Nwt_STOP,,,,,No edges found,../Ecoli Nanobody Toolkit/genbank_seq/T1T3_T7Nwt_STOP.gb
Ecoli Nanobody Toolkit,BT1_RJ_B34_6H_TEVc,,AGTA,ATGG,linker,,../Ecoli Nanobody Toolkit/genbank_seq/BT1_RJ_B34_6H_TEVc.gb
Ecoli Nanobody Toolkit,CD_ZB,,CATT,ACCT,misc_feature,,../Ecoli Nanobody Toolkit/genbank_seq/CD_ZB.gb
Ecoli Nanobody Toolkit,T4T5_T7Cwt_STOP,,,,,No edges found,../Ecoli Nanobody Toolkit/genbank_seq/T4T5_T7Cwt_STOP.gb
Ecoli Nanobody Toolkit,CD_NbLag2 (eGFP),,,,,No edges found,../Ecoli Nanobody Toolkit/genbank_seq/CD_NbLag2 (eGFP).gb
Ecoli Nanobody Toolkit,CD_NbVHHV,,,,,No edges found,../Ecoli Nanobody Toolkit/genbank_seq/CD_NbVHHV.gb
Ecoli Nanobody Toolkit,T3C_LLinkerN,,TGGA,CATT,misc_feature,,../Ecoli Nanobody Toolkit/genbank_seq/T3C_LLinkerN.gb
Ecoli Nanobody Toolkit,T4T5_SmBit,,CGAA,GCCG,misc_feature,,../Ecoli Nanobody Toolkit/genbank_seq/T4T5_SmBit.gb
Ecoli Nanobody Toolkit,CD_FRB,,CATT,ACCT,misc_feature,,../Ecoli Nanobody Toolkit/genbank_seq/CD_FRB.gb
Ecoli Nanobody Toolkit,CD_NbVHHE,,,,,No edges found,../Ecoli Nanobody Toolkit/genbank_seq/CD_NbVHHE.gb
Ecoli Nanobody Toolkit,AB_araCpBADv3,,CTCC,AGTA,misc_feature,,../Ecoli Nanobody Toolkit/genbank_seq/AB_araCpBADv3.gb
Ecoli Nanobody Toolkit,DT4_Linker14,,,,,No edges found,../Ecoli Nanobody Toolkit/genbank_seq/DT4_Linker14.gb
Ecoli Nanobody Toolkit,CD_NbB1,,,,,No edges found,../Ecoli Nanobody Toolkit/genbank_seq/CD_NbB1.gb
Ecoli Nanobody Toolkit,CD_ZBn,,CATT,ACCT,misc_feature,,../Ecoli Nanobody Toolkit/genbank_seq/CD_ZBn.gb
Ecoli Nanobody Toolkit,T1T3_NT7pd ,,ATGG,TGGA,CDS,,../Ecoli Nanobody Toolkit/genbank_seq/T1T3_NT7pd .gb
Ecoli Nanobody Toolkit,BT1_RJ_SD8_6H_TEVc,,AGTA,ATGG,linker,,../Ecoli Nanobody Toolkit/genbank_seq/BT1_RJ_SD8_6H_TEVc.gb
Ecoli Nanobody Toolkit,AB_araCpBADv2,,CTCC,AGTA,misc_feature,,../Ecoli Nanobody Toolkit/genbank_seq/AB_araCpBADv2.gb
Ecoli Nanobody Toolkit,CD_LuxAB,,CATT,ACCT,misc_feature,,../Ecoli Nanobody Toolkit/genbank_seq/CD_LuxAB.gb
Ecoli Nanobody Toolkit,BT1_RJ_SD5,,AGTA,ATGG,misc_feature,,../Ecoli Nanobody Toolkit/genbank_seq/BT1_RJ_SD5.gb
Ecoli Nanobody Toolkit,BT1_RJ_BCD2_6H_TEVc,,AGTA,ATGG,linker,,../Ecoli Nanobody Toolkit/genbank_seq/BT1_RJ_BCD2_6H_TEVc.gb
Ecoli Nanobody Toolkit,T3C_MLinkerN,,TGGA,CATT,misc_feature,,../Ecoli Nanobody Toolkit/genbank_seq/T3C_MLinkerN.gb
Ecoli Nanobody Toolkit,CD_FKBP,,CATT,ACCT,CDS,,../Ecoli Nanobody Toolkit/genbank_seq/CD_FKBP.gb
Ecoli Nanobody Toolkit,BC_RBS_UTRcfps,,,,,No edges found,../Ecoli Nanobody Toolkit/genbank_seq/BC_RBS_UTRcfps.gb
Ecoli Nanobody Toolkit,BT1_RBS_UTRcfps,,,,,No edges found,../Ecoli Nanobody Toolkit/genbank_seq/BT1_RBS_UTRcfps.gb
Ecoli Nanobody Toolkit,T1T3_T7Nev,,,,,No edges found,../Ecoli Nanobody Toolkit/genbank_seq/T1T3_T7Nev.gb
Ecoli Nanobody Toolkit,AB_pKatPu,,CTCC,AGTA,misc_feature,,../Ecoli Nanobody Toolkit/genbank_seq/AB_pKatPu.gb
Ecoli Nanobody Toolkit,DT4_MLinkerC,,ACCT,CGAA,syntax,,../Ecoli Nanobody Toolkit/genbank_seq/DT4_MLinkerC.gb
Ecoli Nanobody Toolkit,T3C_Linker28,,,,,No edges found,../Ecoli Nanobody Toolkit/genbank_seq/T3C_Linker28.gb
Ecoli Nanobody Toolkit,DT4_Linker7,,,,,No edges found,../Ecoli Nanobody Toolkit/genbank_seq/DT4_Linker7.gb
Ecoli Nanobody Toolkit,T3C_Linker7,,,,,No edges found,../Ecoli Nanobody Toolkit/genbank_seq/T3C_Linker7.gb
Ecoli Nanobody Toolkit,BC_RJ_SD5,,AGTA,CATT,CDS,,../Ecoli Nanobody Toolkit/genbank_seq/BC_RJ_SD5.gb
Ecoli Nanobody Toolkit,T4T5_CT7,,CGAA,GCCG,misc_feature,,../Ecoli Nanobody Toolkit/genbank_seq/T4T5_CT7.gb
Ecoli Nanobody Toolkit,BT1_RJ_SD8,,AGTA,ATGG,misc_feature,,../Ecoli Nanobody Toolkit/genbank_seq/BT1_RJ_SD8.gb
Ecoli Nanobody Toolkit,CD_ZA,,CATT,ACCT,misc_feature,,../Ecoli Nanobody Toolkit/genbank_seq/CD_ZA.gb
Ecoli Nanobody Toolkit,AB_pKat,,CTCC,AGTA,misc_feature,,../Ecoli Nanobody Toolkit/genbank_seq/AB_pKat.gb
Ecoli Nanobody Toolkit,DT4_LLinkerC,,ACCT,CGAA,syntax,,../Ecoli Nanobody Toolkit/genbank_seq/DT4_LLinkerC.gb
Ecoli Nanobody Toolkit,CD_W25,,CATT,ACCT,misc_feature,,../Ecoli Nanobody Toolkit/genbank_seq/CD_W25.gb
Ecoli Nanobody Toolkit,CD_W276,,CATT,ACCT,,No edges found,../Ecoli Nanobody Toolkit/genbank_seq/CD_W276.gb
Ecoli Nanobody Toolkit,AB_pBAD,,,,,No edges found,../Ecoli Nanobody Toolkit/genbank_seq/AB_pBAD.gb
Ecoli Nanobody Toolkit,AB_araCpBAD,,CTCC,AGTA,misc_feature,,../Ecoli Nanobody Toolkit/genbank_seq/AB_araCpBAD.gb
Ecoli Nanobody Toolkit,CD_NbLag14 (eGFP),,,,,No edges found,../Ecoli Nanobody Toolkit/genbank_seq/CD_NbLag14 (eGFP).gb
Ecoli Nanobody Toolkit,T1T3_NT7pdo ,,ATGG,TGGA,CDS,,../Ecoli Nanobody Toolkit/genbank_seq/T1T3_NT7pdo .gb
Open Reporters Collection,ODC_0089,gfasPurple/gfasCP Biobrick K1033918,CATT,AAGC,CDS,,../Open Reporters Collection/Plasmids_Genbank/ODC_0089.gb
Open Reporters Collection,ODC_0099,eechGFP2,CATT,AAGC,CDS,,../Open Reporters Collection/Plasmids_Genbank/ODC_0099.gb
Open Reporters Collection,ODC_0088,cjBlue/ BioBrick K592011,CATT,AAGC,CDS,,../Open Reporters Collection/Plasmids_Genbank/ODC_0088.gb
Open Reporters Collection,ODC_0098,eechGFP1,CATT,AAGC,CDS,,../Open Reporters Collection/Plasmids_Genbank/ODC_0098.gb
Open Reporters Collection,ODC_0104,amilRFP,CATT,AAGC,CDS,,../Open Reporters Collection/Plasmids_Genbank/ODC_0104.gb
Open Reporters Collection,ODC_0114,Luciferase [Luciola cruciata] (Japanese firefly),CATT,AAGC,CDS,,../Open Reporters Collection/Plasmids_Genbank/ODC_0114.gb
Open Reporters Collection,ODC_0093,efasCFP,CATT,AAGC,CDS,,../Open Reporters Collection/Plasmids_Genbank/ODC_0093.gb
Open Reporters Collection,ODC_0100,eechGFP3,CATT,AAGC,CDS,,../Open Reporters Collection/Plasmids_Genbank/ODC_0100.gb
Open Reporters Collection,ODC_0097,amilGFP Biobrick K592010,CATT,AAGC,CDS,,../Open Reporters Collection/Plasmids_Genbank/ODC_0097.gb
Open Reporters Collection,ODC_0110,amajLime/amajCFP/amFP486 BioBrick K1033916,CATT,AAGC,CDS,,../Open Reporters Collection/Plasmids_Genbank/ODC_0110.gb
Open Reporters Collection,ODC_0101,efasGFP,CATT,AAGC,CDS,,../Open Reporters Collection/Plasmids_Genbank/ODC_0101.gb
Open Reporters Collection,ODC_0096,afraGFP,CATT,AAGC,CDS,,../Open Reporters Collection/Plasmids_Genbank/ODC_0096.gb
Open Reporters Collection,ODC_0111,EiraCFP Biobrick J97000,CATT,AAGC,CDS,,../Open Reporters Collection/Plasmids_Genbank/ODC_0111.gb
Open Reporters Collection,ODC_0105,meffRed/meffRFP Biobricks K592012,CATT,AAGC,CDS,,../Open Reporters Collection/Plasmids_Genbank/ODC_0105.gb
Open Reporters Collection,ODC_0115,Renilla luciferase,CATT,AAGC,CDS,,../Open Reporters Collection/Plasmids_Genbank/ODC_0115.gb
Open Reporters Collection,ODC_0092,meleCFP,CATT,AAGC,CDS,,../Open Reporters Collection/Plasmids_Genbank/ODC_0092.gb
Open Reporters Collection,ODC_0102,gfasGFP,CATT,AAGC,CDS,,../Open Reporters Collection/Plasmids_Genbank/ODC_0102.gb
Open Reporters Collection,ODC_0095,aacuGFP2,CATT,AAGC,CDS,,../Open Reporters Collection/Plasmids_Genbank/ODC_0095.gb
Open Reporters Collection,ODC_0112,HRP,CATT,AAGC,CDS,,../Open Reporters Collection/Plasmids_Genbank/ODC_0112.gb
Open Reporters Collection,ODC_0106,pporRFP,CATT,AAGC,CDS,,../Open Reporters Collection/Plasmids_Genbank/ODC_0106.gb
Open Reporters Collection,ODC_0116,beta-lactamase,CATT,AAGC,CDS,,../Open Reporters Collection/Plasmids_Genbank/ODC_0116.gb
Open Reporters Collection,ODC_0091,mmilCFP,CATT,AAGC,CDS,,../Open Reporters Collection/Plasmids_Genbank/ODC_0091.gb
Open Reporters Collection,ODC_0107,meleRFP,CATT,AAGC,CDS,,../Open Reporters Collection/Plasmids_Genbank/ODC_0107.gb
Open Reporters Collection,ODC_0117,Calf Intestine Alkaline phosphatase (CIAP),CATT,AAGC,CDS,,../Open Reporters Collection/Plasmids_Genbank/ODC_0117.gb
Open Reporters Collection,ODC_0090,meffCFP,CATT,AAGC,CDS,,../Open Reporters Collection/Plasmids_Genbank/ODC_0090.gb
Open Reporters Collection,ODC_0103,plamGFP,CATT,AAGC,CDS,,../Open Reporters Collection/Plasmids_Genbank/ODC_0103.gb
Open Reporters Collection,ODC_0094,aacuGFP1,CATT,AAGC,CDS,,../Open Reporters Collection/Plasmids_Genbank/ODC_0094.gb
Open Reporters Collection,ODC_0113,Firefly Luciferase [Photinus pyralis] (Fluc),CATT,AAGC,CDS,,../Open Reporters Collection/Plasmids_Genbank/ODC_0113.gb
Open Reporters Collection,ODC_0108,scubRFP,CATT,AAGC,CDS,,../Open Reporters Collection/Plasmids_Genbank/ODC_0108.gb
Open Reporters Collection,ODC_0109,eforRed/eforCP Biobrick K592012,CATT,AAGC,CDS,,../Open Reporters Collection/Plasmids_Genbank/ODC_0109.gb
Molecular Diagnostics Toolkit,ODC_0219,Pfu_Ssod7 HiFi,,,,No edges found,../Molecular Diagnostics Toolkit/Plasmids_Genbank/ODC_0219.gb
Molecular Diagnostics Toolkit,ODC_0239,TEV,,,,No edges found,../Molecular Diagnostics Toolkit/Plasmids_Genbank/ODC_0239.gb
Molecular Diagnostics Toolkit,ODC_0229,orfB3,,,,No edges found,../Molecular Diagnostics Toolkit/Plasmids_Genbank/ODC_0229.gb
Molecular Diagnostics Toolkit,ODC_0238,EcRNAseH,,,,No edges found,../Molecular Diagnostics Toolkit/Plasmids_Genbank/ODC_0238.gb
Molecular Diagnostics Toolkit,ODC_0228,orfA2,,,,No edges found,../Molecular Diagnostics Toolkit/Plasmids_Genbank/ODC_0228.gb
Molecular Diagnostics Toolkit,ODC_0218,MERScontrol,,,,No edges found,../Molecular Diagnostics Toolkit/Plasmids_Genbank/ODC_0218.gb
Molecular Diagnostics Toolkit,ODC_0237,TthRNAseH,,,,No edges found,../Molecular Diagnostics Toolkit/Plasmids_Genbank/ODC_0237.gb
Molecular Diagnostics Toolkit,ODC_0227,orfA1,,,,No edges found,../Molecular Diagnostics Toolkit/Plasmids_Genbank/ODC_0227.gb
Molecular Diagnostics Toolkit,ODC_0233,Bst-LF,,,,No edges found,../Molecular Diagnostics Toolkit/Plasmids_Genbank/ODC_0233.gb
Molecular Diagnostics Toolkit,ODC_0223,OMMLV,,,,No edges found,../Molecular Diagnostics Toolkit/Plasmids_Genbank/ODC_0223.gb
Molecular Diagnostics Toolkit,ODC_0232,SARSContol,,,,No edges found,../Molecular Diagnostics Toolkit/Plasmids_Genbank/ODC_0232.gb
Molecular Diagnostics Toolkit,ODC_0222,HIVRT,,,,No edges found,../Molecular Diagnostics Toolkit/Plasmids_Genbank/ODC_0222.gb
Molecular Diagnostics Toolkit,ODC_0236,PBCV-1_ligase,,,,No edges found,../Molecular Diagnostics Toolkit/Plasmids_Genbank/ODC_0236.gb
Molecular Diagnostics Toolkit,ODC_0226,EcPPA,,,,No edges found,../Molecular Diagnostics Toolkit/Plasmids_Genbank/ODC_0226.gb
Molecular Diagnostics Toolkit,ODC_0231,orfN5,,,,No edges found,../Molecular Diagnostics Toolkit/Plasmids_Genbank/ODC_0231.gb
Molecular Diagnostics Toolkit,ODC_0221,Ecoli_opt_RNAseInhib,,,,No edges found,../Molecular Diagnostics Toolkit/Plasmids_Genbank/ODC_0221.gb
Molecular Diagnostics Toolkit,ODC_0235,UvsX,,,,No edges found,../Molecular Diagnostics Toolkit/Plasmids_Genbank/ODC_0235.gb
Molecular Diagnostics Toolkit,ODC_0225,RNAseInhib,,,,No edges found,../Molecular Diagnostics Toolkit/Plasmids_Genbank/ODC_0225.gb
Molecular Diagnostics Toolkit,ODC_0234,Bsu,,,,No edges found,../Molecular Diagnostics Toolkit/Plasmids_Genbank/ODC_0234.gb
Molecular Diagnostics Toolkit,ODC_0224,OpenVent,,,,No edges found,../Molecular Diagnostics Toolkit/Plasmids_Genbank/ODC_0224.gb
Molecular Diagnostics Toolkit,ODC_0230,orfE4,,,,No edges found,../Molecular Diagnostics Toolkit/Plasmids_Genbank/ODC_0230.gb
Molecular Diagnostics Toolkit,ODC_0220,gp32,,,,No edges found,../Molecular Diagnostics Toolkit/Plasmids_Genbank/ODC_0220.gb
Open Yeast Collection,ODC_0318,ScKanR-marker,CCTT,TCAT,,No edges found,../Open Yeast Collection/Plasmids_Genbank/ODC_0318.gb
Open Yeast Collection,ODC_0258,AB_Pp-pAOX1,CTCC,AGTA,promoter,,../Open Yeast Collection/Plasmids_Genbank/ODC_0258.gb
Open Yeast Collection,ODC_0248,Sc-pMFalpha2,CTCC,CATT,promoter,,../Open Yeast Collection/Plasmids_Genbank/ODC_0248.gb
Open Yeast Collection,ODC_0308,PpHR3'-ENO,GTCT,TTCG,,No edges found,../Open Yeast Collection/Plasmids_Genbank/ODC_0308.gb
Open Yeast Collection,ODC_0268,limonene-3-hydroxylase,CATT,AAGC,protein_bind,,../Open Yeast Collection/Plasmids_Genbank/ODC_0268.gb
Open Yeast Collection,ODC_0328,OYC-high-copy-origin,TAGT,TTTT,,No edges found,../Open Yeast Collection/Plasmids_Genbank/ODC_0328.gb
Open Yeast Collection,ODC_0278,Sc-tENO2,AAGC,AGCG,,No features found,../Open Yeast Collection/Plasmids_Genbank/ODC_0278.gb
Open Yeast Collection,ODC_0269,S-linalool synthase,CATT,AAGC,protein_bind,,../Open Yeast Collection/Plasmids_Genbank/ODC_0269.gb
Open Yeast Collection,ODC_0329,OYC-eforRed-dropout,TTGC,TTTT,,No edges found,../Open Yeast Collection/Plasmids_Genbank/ODC_0329.gb
Open Yeast Collection,ODC_0279,Sc-tPRM9,AAGC,AGCG,terminator,,../Open Yeast Collection/Plasmids_Genbank/ODC_0279.gb
Open Yeast Collection,ODC_0319,ScLEU2-marker,CCTT,TCAT,,No edges found,../Open Yeast Collection/Plasmids_Genbank/ODC_0319.gb
Open Yeast Collection,ODC_0259,ScLYS2,CATT,AAGC,protein_bind,,../Open Yeast Collection/Plasmids_Genbank/ODC_0259.gb
Open Yeast Collection,ODC_0249,Sc-pRPL18B,CTCC,CATT,promoter,,../Open Yeast Collection/Plasmids_Genbank/ODC_0249.gb
Open Yeast Collection,ODC_0309,PpHR5'-AOXTT,TTTT,CCTT,,No edges found,../Open Yeast Collection/Plasmids_Genbank/ODC_0309.gb
Open Yeast Collection,ODC_0312,ScARS_CEN,TTTT,CCTT,,No edges found,../Open Yeast Collection/Plasmids_Genbank/ODC_0312.gb
Open Yeast Collection,ODC_0252,Sc-pTDH3,CTCC,CATT,promoter,,../Open Yeast Collection/Plasmids_Genbank/ODC_0252.gb
Open Yeast Collection,ODC_0266,FPP synthase,CATT,AAGC,protein_bind,,../Open Yeast Collection/Plasmids_Genbank/ODC_0266.gb
Open Yeast Collection,ODC_0326,OYC-CamR,TTGC,TAGT,,No edges found,../Open Yeast Collection/Plasmids_Genbank/ODC_0326.gb
Open Yeast Collection,ODC_0295,AConR-end,AGCG,GTCT,,No edges found,../Open Yeast Collection/Plasmids_Genbank/ODC_0295.gb
Open Yeast Collection,ODC_0285,AConL1,TCAT,CTCC,,No edges found,../Open Yeast Collection/Plasmids_Genbank/ODC_0285.gb
Open Yeast Collection,ODC_0276,Sc-tUBX6,AAGC,AGCG,terminator,,../Open Yeast Collection/Plasmids_Genbank/ODC_0276.gb
Open Yeast Collection,ODC_0242,Sc-pCUP1,CTCC,CATT,promoter,,../Open Yeast Collection/Plasmids_Genbank/ODC_0242.gb
Open Yeast Collection,ODC_0302,ScHR3'-HO,GTCT,TTCG,,No edges found,../Open Yeast Collection/Plasmids_Genbank/ODC_0302.gb
Open Yeast Collection,ODC_0262,Cre,CATT,AAGC,protein_bind,,../Open Yeast Collection/Plasmids_Genbank/ODC_0262.gb
Open Yeast Collection,ODC_0322,ScURA3-marker,CCTT,TCAT,,No edges found,../Open Yeast Collection/Plasmids_Genbank/ODC_0322.gb
Open Yeast Collection,ODC_0291,AConR2,AGCG,GTCT,,No edges found,../Open Yeast Collection/Plasmids_Genbank/ODC_0291.gb
Open Yeast Collection,ODC_0316,ScHIS3-marker,CCTT,TCAT,,No edges found,../Open Yeast Collection/Plasmids_Genbank/ODC_0316.gb
Open Yeast Collection,ODC_0256,AB_Sc-pCYC1,CTCC,AGTA,promoter,,../Open Yeast Collection/Plasmids_Genbank/ODC_0256.gb
Open Yeast Collection,ODC_0246,Sc-pMF2,CTCC,CATT,promoter,,../Open Yeast Collection/Plasmids_Genbank/ODC_0246.gb
Open Yeast Collection,ODC_0306,PpHR3'-RGI2,GTCT,TTCG,,No edges found,../Open Yeast Collection/Plasmids_Genbank/ODC_0306.gb
Open Yeast Collection,ODC_0281,Sc-tTDH1,AAGC,AGCG,terminator,,../Open Yeast Collection/Plasmids_Genbank/ODC_0281.gb
Open Yeast Collection,ODC_0272,ScGal4-DNA-BD,TGGA,CATT,CDS,,../Open Yeast Collection/Plasmids_Genbank/ODC_0272.gb
Open Yeast Collection,ODC_0263,FLP,CATT,AAGC,protein_bind,,../Open Yeast Collection/Plasmids_Genbank/ODC_0263.gb
Open Yeast Collection,ODC_0323,ScZeo-marker,CCTT,TCAT,,No edges found,../Open Yeast Collection/Plasmids_Genbank/ODC_0323.gb
Open Yeast Collection,ODC_0290,AConR1,AGCG,GTCT,,No edges found,../Open Yeast Collection/Plasmids_Genbank/ODC_0290.gb
Open Yeast Collection,ODC_0317,ScHygro-marker,CCTT,TCAT,,No edges found,../Open Yeast Collection/Plasmids_Genbank/ODC_0317.gb
Open Yeast Collection,ODC_0257,AB_Pp-pGAP,CTCC,AGTA,promoter,,../Open Yeast Collection/Plasmids_Genbank/ODC_0257.gb
Open Yeast Collection,ODC_0247,Sc-pMFA1,CTCC,CATT,promoter,,../Open Yeast Collection/Plasmids_Genbank/ODC_0247.gb
Open Yeast Collection,ODC_0307,PpHR5'-ENO,TTTT,CCTT,,No edges found,../Open Yeast Collection/Plasmids_Genbank/ODC_0307.gb
Open Yeast Collection,ODC_0280,Sc-tSSA1,AAGC,AGCG,terminator,,../Open Yeast Collection/Plasmids_Genbank/ODC_0280.gb
Open Yeast Collection,ODC_0273,N1N2_SV40_NLS,ATGG,TGAC,CDS,,../Open Yeast Collection/Plasmids_Genbank/ODC_0273.gb
Open Yeast Collection,ODC_0313,Pichia PARS,TTTT,CCTT,,No edges found,../Open Yeast Collection/Plasmids_Genbank/ODC_0313.gb
Open Yeast Collection,ODC_0253,Sc-pTrp1,CTCC,CATT,promoter,,../Open Yeast Collection/Plasmids_Genbank/ODC_0253.gb
Open Yeast Collection,ODC_0267,4S-limonene-synthase,CATT,AAGC,protein_bind,,../Open Yeast Collection/Plasmids_Genbank/ODC_0267.gb
Open Yeast Collection,ODC_0327,OYC-SpecR,TTGC,TAGT,,No edges found,../Open Yeast Collection/Plasmids_Genbank/ODC_0327.gb
Open Yeast Collection,ODC_0294,AConR5,AGCG,GTCT,,No edges found,../Open Yeast Collection/Plasmids_Genbank/ODC_0294.gb
Open Yeast Collection,ODC_0284,AConL-start,TCAT,CTCC,,No edges found,../Open Yeast Collection/Plasmids_Genbank/ODC_0284.gb
Open Yeast Collection,ODC_0277,Sc-tENO1,AAGC,AGCG,terminator,,../Open Yeast Collection/Plasmids_Genbank/ODC_0277.gb
Open Yeast Collection,ODC_0243,Sc-pCYC1,CTCC,CATT,promoter,,../Open Yeast Collection/Plasmids_Genbank/ODC_0243.gb
Open Yeast Collection,ODC_0303,PpHR5'-NTS,TTTT,CCTT,,No edges found,../Open Yeast Collection/Plasmids_Genbank/ODC_0303.gb
Open Yeast Collection,ODC_0293,AConR4,AGCG,GTCT,,No edges found,../Open Yeast Collection/Plasmids_Genbank/ODC_0293.gb
Open Yeast Collection,ODC_0260,ScMET17,CATT,AAGC,protein_bind,,../Open Yeast Collection/Plasmids_Genbank/ODC_0260.gb
Open Yeast Collection,ODC_0320,ScNAT-marker,CCTT,TCAT,,No edges found,../Open Yeast Collection/Plasmids_Genbank/ODC_0320.gb
Open Yeast Collection,ODC_0314,oriT,TTCG,TTGC,,No edges found,../Open Yeast Collection/Plasmids_Genbank/ODC_0314.gb
Open Yeast Collection,ODC_0254,Sc-pUra3,CTCC,CATT,promoter,,../Open Yeast Collection/Plasmids_Genbank/ODC_0254.gb
Open Yeast Collection,ODC_0244,Sc-pHis3,CTCC,CATT,promoter,,../Open Yeast Collection/Plasmids_Genbank/ODC_0244.gb
Open Yeast Collection,ODC_0304,PpHR3'-NTS,GTCT,TTCG,,No edges found,../Open Yeast Collection/Plasmids_Genbank/ODC_0304.gb
Open Yeast Collection,ODC_0330,pWV01-ori,TAGT,TTTT,,No edges found,../Open Yeast Collection/Plasmids_Genbank/ODC_0330.gb
Open Yeast Collection,ODC_0270,carveol dehydrogenase,CATT,AAGC,protein_bind,,../Open Yeast Collection/Plasmids_Genbank/ODC_0270.gb
Open Yeast Collection,ODC_0283,AConL-start-rev,TCAT,CTCC,,No edges found,../Open Yeast Collection/Plasmids_Genbank/ODC_0283.gb
Open Yeast Collection,ODC_0310,PpHR3'-AOXTT,GTCT,TTCG,,No edges found,../Open Yeast Collection/Plasmids_Genbank/ODC_0310.gb
Open Yeast Collection,ODC_0250,Sc-pSAC6,CTCC,CATT,promoter,,../Open Yeast Collection/Plasmids_Genbank/ODC_0250.gb
Open Yeast Collection,ODC_0297,ScHR5'-LEU2,TTTT,CCTT,,No edges found,../Open Yeast Collection/Plasmids_Genbank/ODC_0297.gb
Open Yeast Collection,ODC_0264,GPP synthase,CATT,AAGC,protein_bind,,../Open Yeast Collection/Plasmids_Genbank/ODC_0264.gb
Open Yeast Collection,ODC_0324,OYC-bridge-AGAC-CGAA,GTCT,TTCG,,No edges found,../Open Yeast Collection/Plasmids_Genbank/ODC_0324.gb
Open Yeast Collection,ODC_0274,Pp_aMF_sec_tag,AGTA,ATGG,CDS,,../Open Yeast Collection/Plasmids_Genbank/ODC_0274.gb
Open Yeast Collection,ODC_0287,AConL3,TCAT,CTCC,,No edges found,../Open Yeast Collection/Plasmids_Genbank/ODC_0287.gb
Open Yeast Collection,ODC_0240,Sc-pAdh1,CTCC,CATT,promoter,,../Open Yeast Collection/Plasmids_Genbank/ODC_0240.gb
Open Yeast Collection,ODC_0300,ScHR3'-URA3,GTCT,TTCG,,No edges found,../Open Yeast Collection/Plasmids_Genbank/ODC_0300.gb
Open Yeast Collection,ODC_0311,Sc2micron,TTTT,CCTT,,No edges found,../Open Yeast Collection/Plasmids_Genbank/ODC_0311.gb
Open Yeast Collection,ODC_0251,Sc-pSte5,CTCC,CATT,promoter,,../Open Yeast Collection/Plasmids_Genbank/ODC_0251.gb
Open Yeast Collection,ODC_0296,AConR-end-rev,AGCG,GTCT,,No edges found,../Open Yeast Collection/Plasmids_Genbank/ODC_0296.gb
Open Yeast Collection,ODC_0265,GGPP synthase,CATT,AAGC,protein_bind,,../Open Yeast Collection/Plasmids_Genbank/ODC_0265.gb
Open Yeast Collection,ODC_0325,OYC-bridge-AGAC-GCAA,GTCT,TTGC,,No edges found,../Open Yeast Collection/Plasmids_Genbank/ODC_0325.gb
Open Yeast Collection,ODC_0275,Pp_aMF_noEAEA_sec_tag,AGTA,ATGG,CDS,,../Open Yeast Collection/Plasmids_Genbank/ODC_0275.gb
Open Yeast Collection,ODC_0286,AConL2,TCAT,CTCC,,No edges found,../Open Yeast Collection/Plasmids_Genbank/ODC_0286.gb
Open Yeast Collection,ODC_0241,Sc-pCCW12,CTCC,CATT,promoter,,../Open Yeast Collection/Plasmids_Genbank/ODC_0241.gb
Open Yeast Collection,ODC_0301,ScHR5'-HO,TTTT,CCTT,,No edges found,../Open Yeast Collection/Plasmids_Genbank/ODC_0301.gb
Open Yeast Collection,ODC_0292,AConR3,AGCG,GTCT,,No edges found,../Open Yeast Collection/Plasmids_Genbank/ODC_0292.gb
Open Yeast Collection,ODC_0261,ScAUR1,CATT,AAGC,protein_bind,,../Open Yeast Collection/Plasmids_Genbank/ODC_0261.gb
Open Yeast Collection,ODC_0321,ScTRP1-marker,CCTT,TCAT,,No edges found,../Open Yeast Collection/Plasmids_Genbank/ODC_0321.gb
Open Yeast Collection,ODC_0315,ScADE2-marker,CCTT,TCAT,,No edges found,../Open Yeast Collection/Plasmids_Genbank/ODC_0315.gb
Open Yeast Collection,ODC_0255,AB_Sc-pCCW12,CTCC,AGTA,promoter,,../Open Yeast Collection/Plasmids_Genbank/ODC_0255.gb
Open Yeast Collection,ODC_0245,Sc-pLeu2,CTCC,CATT,promoter,,../Open Yeast Collection/Plasmids_Genbank/ODC_0245.gb
Open Yeast Collection,ODC_0305,PpHR5'-RGI2,TTTT,CCTT,,No edges found,../Open Yeast Collection/Plasmids_Genbank/ODC_0305.gb
Open Yeast Collection,ODC_0271,ScGal4-DNA-AD,TGGA,CATT,CDS,,../Open Yeast Collection/Plasmids_Genbank/ODC_0271.gb
Open Yeast Collection,ODC_0282,Pp-tAOX1,AAGC,AGCG,terminator,,../Open Yeast Collection/Plasmids_Genbank/ODC_0282.gb
Open Yeast Collection,ODC_0299,ScHR5'-URA3,TTTT,CCTT,,No edges found,../Open Yeast Collection/Plasmids_Genbank/ODC_0299.gb
Open Yeast Collection,ODC_0289,AConL5,TCAT,CTCC,,No edges found,../Open Yeast Collection/Plasmids_Genbank/ODC_0289.gb
Open Yeast Collection,ODC_0298,ScHR3'-LEU2,GTCT,TTCG,,No edges found,../Open Yeast Collection/Plasmids_Genbank/ODC_0298.gb
Open Yeast Collection,ODC_0288,AConL4,TCAT,CTCC,,No edges found,../Open Yeast Collection/Plasmids_Genbank/ODC_0288.gb
Ecoli Protein Expression Toolkit,ODC_0209,T5E_CBD,GCCG,AAGC,CDS,,../Ecoli Protein Expression Toolkit/Plasmids_Genbank/ODC_0209.gb
Ecoli Protein Expression Toolkit,ODC_0198,DT5_TEVcut,ACCT,GCCG,CDS,,../Ecoli Protein Expression Toolkit/Plasmids_Genbank/ODC_0198.gb
Ecoli Protein Expression Toolkit,ODC_0188,CD_Calmodulin,CATT,ACCT,CDS,,../Ecoli Protein Expression Toolkit/Plasmids_Genbank/ODC_0188.gb
Ecoli Protein Expression Toolkit,ODC_0199,DF_TEVcut_His_Stop_TZ,ACCT,AGCG,terminator,,../Ecoli Protein Expression Toolkit/Plasmids_Genbank/ODC_0199.gb
Ecoli Protein Expression Toolkit,ODC_0208,T5E_Calm,GCCG,AAGC,CDS,,../Ecoli Protein Expression Toolkit/Plasmids_Genbank/ODC_0208.gb
Ecoli Protein Expression Toolkit,ODC_0189,CD_fuGFP,CATT,ACCT,CDS,,../Ecoli Protein Expression Toolkit/Plasmids_Genbank/ODC_0189.gb
Ecoli Protein Expression Toolkit,ODC_0192,CD_EcRNAseH,CATT,ACCT,CDS,,../Ecoli Protein Expression Toolkit/Plasmids_Genbank/ODC_0192.gb
Ecoli Protein Expression Toolkit,ODC_0203,T4T5_AmilCP,CGAA,GCCG,CDS,,../Ecoli Protein Expression Toolkit/Plasmids_Genbank/ODC_0203.gb
Ecoli Protein Expression Toolkit,ODC_0130,BT1_Riboj_B34,AGTA,ATGG,CDS,,../Ecoli Protein Expression Toolkit/Plasmids_Genbank/ODC_0130.gb
Ecoli Protein Expression Toolkit,ODC_0161,T2C_TEVcut,TGAC,CATT,CDS,,../Ecoli Protein Expression Toolkit/Plasmids_Genbank/ODC_0161.gb
Ecoli Protein Expression Toolkit,ODC_0155,BC_RiboJ_RBS64,AGTA,CATT,CDS,,../Ecoli Protein Expression Toolkit/Plasmids_Genbank/ODC_0155.gb
Ecoli Protein Expression Toolkit,ODC_0145,T1T2_S-Tag,ATGG,TGAC,CDS,,../Ecoli Protein Expression Toolkit/Plasmids_Genbank/ODC_0145.gb
Ecoli Protein Expression Toolkit,ODC_0171,T3C_int_∆I,TGGA,CATT,CDS,,../Ecoli Protein Expression Toolkit/Plasmids_Genbank/ODC_0171.gb
Ecoli Protein Expression Toolkit,ODC_0120,CE_beta-galactosidase,CATT,AAGC,primer_bind,,../Ecoli Protein Expression Toolkit/Plasmids_Genbank/ODC_0120.gb
Ecoli Protein Expression Toolkit,ODC_0213,T5E_CipA,GCCG,AAGC,CDS,,../Ecoli Protein Expression Toolkit/Plasmids_Genbank/ODC_0213.gb
Ecoli Protein Expression Toolkit,ODC_0182,CD_UvsX,CATT,ACCT,CDS,,../Ecoli Protein Expression Toolkit/Plasmids_Genbank/ODC_0182.gb
Ecoli Protein Expression Toolkit,ODC_0151,BT2_BCD2_His,AGTA,TGAC,CDS,,../Ecoli Protein Expression Toolkit/Plasmids_Genbank/ODC_0151.gb
Ecoli Protein Expression Toolkit,ODC_0207,T5E_6H,GCCG,AAGC,CDS,,../Ecoli Protein Expression Toolkit/Plasmids_Genbank/ODC_0207.gb
Ecoli Protein Expression Toolkit,ODC_0196,DT4_fuGFP,ACCT,CGAA,CDS,,../Ecoli Protein Expression Toolkit/Plasmids_Genbank/ODC_0196.gb
Ecoli Protein Expression Toolkit,ODC_0165,T2T3_SUMO,TGAC,TGGA,CDS,,../Ecoli Protein Expression Toolkit/Plasmids_Genbank/ODC_0165.gb
Ecoli Protein Expression Toolkit,ODC_0134,BT1_RiboJ_B34_His,AGTA,ATGG,CDS,,../Ecoli Protein Expression Toolkit/Plasmids_Genbank/ODC_0134.gb
Ecoli Protein Expression Toolkit,ODC_0124,AF_medium copy (pET) ori/KanR,AGCG,CTCC,primer_bind,,../Ecoli Protein Expression Toolkit/Plasmids_Genbank/ODC_0124.gb
Ecoli Protein Expression Toolkit,ODC_0175,CD_HIVRT,CATT,ACCT,CDS,,../Ecoli Protein Expression Toolkit/Plasmids_Genbank/ODC_0175.gb
Ecoli Protein Expression Toolkit,ODC_0186,CD_TEV_protease,CATT,ACCT,CDS,,../Ecoli Protein Expression Toolkit/Plasmids_Genbank/ODC_0186.gb
Ecoli Protein Expression Toolkit,ODC_0217,EF_TZ,AAGC,AGCG,terminator,,../Ecoli Protein Expression Toolkit/Plasmids_Genbank/ODC_0217.gb
Ecoli Protein Expression Toolkit,ODC_0141,T1T2_MBP,ATGG,TGAC,CDS,,../Ecoli Protein Expression Toolkit/Plasmids_Genbank/ODC_0141.gb
Ecoli Protein Expression Toolkit,ODC_0150,T1C_His_TEVcut,ATGG,CATT,CDS,,../Ecoli Protein Expression Toolkit/Plasmids_Genbank/ODC_0150.gb
Ecoli Protein Expression Toolkit,ODC_0197,DT4_GS flexible linker,ACCT,CGAA,CDS,,../Ecoli Protein Expression Toolkit/Plasmids_Genbank/ODC_0197.gb
Ecoli Protein Expression Toolkit,ODC_0206,T4E_3xStop,CGAA,AAGC,CDS,,../Ecoli Protein Expression Toolkit/Plasmids_Genbank/ODC_0206.gb
Ecoli Protein Expression Toolkit,ODC_0164,T2T3_int_∆I,TGAC,TGGA,CDS,,../Ecoli Protein Expression Toolkit/Plasmids_Genbank/ODC_0164.gb
Ecoli Protein Expression Toolkit,ODC_0135,BT1_BCD2_DsbA,AGTA,ATGG,CDS,,../Ecoli Protein Expression Toolkit/Plasmids_Genbank/ODC_0135.gb
Ecoli Protein Expression Toolkit,ODC_0125,AB_T7,CTCC,AGTA,promoter,,../Ecoli Protein Expression Toolkit/Plasmids_Genbank/ODC_0125.gb
Ecoli Protein Expression Toolkit,ODC_0174,CD_OMMLV,CATT,ACCT,CDS,,../Ecoli Protein Expression Toolkit/Plasmids_Genbank/ODC_0174.gb
Ecoli Protein Expression Toolkit,ODC_0216,EF_T7term,AAGC,AGCG,terminator,,../Ecoli Protein Expression Toolkit/Plasmids_Genbank/ODC_0216.gb
Ecoli Protein Expression Toolkit,ODC_0187,CD_SUMO_protease,CATT,TCAG,,No features found,../Ecoli Protein Expression Toolkit/Plasmids_Genbank/ODC_0187.gb
Ecoli Protein Expression Toolkit,ODC_0140,T1T2_Cex,ATGG,TGAC,CDS,,../Ecoli Protein Expression Toolkit/Plasmids_Genbank/ODC_0140.gb
Ecoli Protein Expression Toolkit,ODC_0202,T4T5_Int_SaltS,CGAA,GCCG,CDS,,../Ecoli Protein Expression Toolkit/Plasmids_Genbank/ODC_0202.gb
Ecoli Protein Expression Toolkit,ODC_0193,DT4_Int_SaltS,ACCT,CGAA,CDS,,../Ecoli Protein Expression Toolkit/Plasmids_Genbank/ODC_0193.gb
Ecoli Protein Expression Toolkit,ODC_0131,BT1_BCD12,AGTA,ATGG,CDS,,../Ecoli Protein Expression Toolkit/Plasmids_Genbank/ODC_0131.gb
Ecoli Protein Expression Toolkit,ODC_0160,T2C_GS flexible,TGAC,CATT,CDS,,../Ecoli Protein Expression Toolkit/Plasmids_Genbank/ODC_0160.gb
Ecoli Protein Expression Toolkit,ODC_0154,BC_B0032,AGTA,TCAT,,No features found,../Ecoli Protein Expression Toolkit/Plasmids_Genbank/ODC_0154.gb
Ecoli Protein Expression Toolkit,ODC_0144,T1T2_CipA,ATGG,TGAC,CDS,,../Ecoli Protein Expression Toolkit/Plasmids_Genbank/ODC_0144.gb
Ecoli Protein Expression Toolkit,ODC_0337,spisPink/spisCPBiobrickK1033925,CATT,AAGC,CDS,,../Ecoli Protein Expression Toolkit/Plasmids_Genbank/ODC_0337.gb
Ecoli Protein Expression Toolkit,ODC_0170,T3C_TEV,TGGA,CATT,CDS,,../Ecoli Protein Expression Toolkit/Plasmids_Genbank/ODC_0170.gb
Ecoli Protein Expression Toolkit,ODC_0121,AF_lacZ pDest,CTCC,AGCG,primer_bind,,../Ecoli Protein Expression Toolkit/Plasmids_Genbank/ODC_0121.gb
Ecoli Protein Expression Toolkit,ODC_0183,CE_T7RNApol_Stop,CATT,AAGC,CDS,,../Ecoli Protein Expression Toolkit/Plasmids_Genbank/ODC_0183.gb
Ecoli Protein Expression Toolkit,ODC_0212,T5E_R5,GCCG,AAGC,CDS,,../Ecoli Protein Expression Toolkit/Plasmids_Genbank/ODC_0212.gb
Ecoli Protein Expression Toolkit,ODC_0153,BC_B0034,AGTA,CATT,CDS,,../Ecoli Protein Expression Toolkit/Plasmids_Genbank/ODC_0153.gb
Ecoli Protein Expression Toolkit,ODC_0136,BT1_BCD2_OmpT,AGTA,ATGG,CDS,,../Ecoli Protein Expression Toolkit/Plasmids_Genbank/ODC_0136.gb
Ecoli Protein Expression Toolkit,ODC_0167,T2T3_AmilCP,TGAC,TGGA,CDS,,../Ecoli Protein Expression Toolkit/Plasmids_Genbank/ODC_0167.gb
Ecoli Protein Expression Toolkit,ODC_0205,T4T5_GS flexible,CGAA,GCCG,CDS,,../Ecoli Protein Expression Toolkit/Plasmids_Genbank/ODC_0205.gb
Ecoli Protein Expression Toolkit,ODC_0194,DT4_Int_ThiolS,ACCT,CGAA,CDS,,../Ecoli Protein Expression Toolkit/Plasmids_Genbank/ODC_0194.gb
Ecoli Protein Expression Toolkit,ODC_0184,CD_PBCV-1_ligase,CATT,ACCT,CDS,,../Ecoli Protein Expression Toolkit/Plasmids_Genbank/ODC_0184.gb
Ecoli Protein Expression Toolkit,ODC_0215,EF_ECK9600,AAGC,AGCG,CDS,,../Ecoli Protein Expression Toolkit/Plasmids_Genbank/ODC_0215.gb
Ecoli Protein Expression Toolkit,ODC_0177,CD_OpenVent,CATT,ACCT,CDS,,../Ecoli Protein Expression Toolkit/Plasmids_Genbank/ODC_0177.gb
Ecoli Protein Expression Toolkit,ODC_0126,AB_T7_lacO,CTCC,AGTA,promoter,,../Ecoli Protein Expression Toolkit/Plasmids_Genbank/ODC_0126.gb
Ecoli Protein Expression Toolkit,ODC_0143,T1T2_GST,ATGG,TGAC,CDS,,../Ecoli Protein Expression Toolkit/Plasmids_Genbank/ODC_0143.gb
Ecoli Protein Expression Toolkit,ODC_0163,BC_BCD2_His_fuGFP_TEVcut,AGTA,CATT,CDS,,../Ecoli Protein Expression Toolkit/Plasmids_Genbank/ODC_0163.gb
Ecoli Protein Expression Toolkit,ODC_0132,BT1_BCD23,AGTA,ATGG,CDS,,../Ecoli Protein Expression Toolkit/Plasmids_Genbank/ODC_0132.gb
Ecoli Protein Expression Toolkit,ODC_0190,CD_AmilCP,CATT,ACCT,CDS,,../Ecoli Protein Expression Toolkit/Plasmids_Genbank/ODC_0190.gb
Ecoli Protein Expression Toolkit,ODC_0201,T4T5_Int_ThiolS,CGAA,GCCG,CDS,,../Ecoli Protein Expression Toolkit/Plasmids_Genbank/ODC_0201.gb
Ecoli Protein Expression Toolkit,ODC_0157,BC_BCD23,AGTA,CATT,CDS,,../Ecoli Protein Expression Toolkit/Plasmids_Genbank/ODC_0157.gb
Ecoli Protein Expression Toolkit,ODC_0147,T1T2_GS flexible,ATGG,TGAC,CDS,,../Ecoli Protein Expression Toolkit/Plasmids_Genbank/ODC_0147.gb
Ecoli Protein Expression Toolkit,ODC_0211,T5E_MBP,GCCG,AAGC,CDS,,../Ecoli Protein Expression Toolkit/Plasmids_Genbank/ODC_0211.gb
Ecoli Protein Expression Toolkit,ODC_0180,CD_BsuLF,CATT,ACCT,CDS,,../Ecoli Protein Expression Toolkit/Plasmids_Genbank/ODC_0180.gb
Ecoli Protein Expression Toolkit,ODC_0122,AE_lacZ pDest,CTCC,AAGC,primer_bind,,../Ecoli Protein Expression Toolkit/Plasmids_Genbank/ODC_0122.gb
Ecoli Protein Expression Toolkit,ODC_0173,T3C_GS flexible linker,TGGA,CATT,CDS,,../Ecoli Protein Expression Toolkit/Plasmids_Genbank/ODC_0173.gb
Ecoli Protein Expression Toolkit,ODC_0162,BC_BCD2_His_TEVcut,AGTA,CATT,CDS,,../Ecoli Protein Expression Toolkit/Plasmids_Genbank/ODC_0162.gb
Ecoli Protein Expression Toolkit,ODC_0133,BT1_BCD2_His,AGTA,ATGG,CDS,,../Ecoli Protein Expression Toolkit/Plasmids_Genbank/ODC_0133.gb
Ecoli Protein Expression Toolkit,ODC_0200,DF_TEVcut_fuGFP_His_Stop_TZ,ACCT,AGCG,terminator,,../Ecoli Protein Expression Toolkit/Plasmids_Genbank/ODC_0200.gb
Ecoli Protein Expression Toolkit,ODC_0191,CD_TthRNAseH,CATT,ACCT,CDS,,../Ecoli Protein Expression Toolkit/Plasmids_Genbank/ODC_0191.gb
Ecoli Protein Expression Toolkit,ODC_0156,BC_RiboJ_B34,AGTA,CATT,CDS,,../Ecoli Protein Expression Toolkit/Plasmids_Genbank/ODC_0156.gb
Ecoli Protein Expression Toolkit,ODC_0146,T1T2_GB1,ATGG,TGAC,CDS,,../Ecoli Protein Expression Toolkit/Plasmids_Genbank/ODC_0146.gb
Ecoli Protein Expression Toolkit,ODC_0181,CD_UvsY,CATT,ACCT,CDS,,../Ecoli Protein Expression Toolkit/Plasmids_Genbank/ODC_0181.gb
Ecoli Protein Expression Toolkit,ODC_0210,T5E_Cex,GCCG,AAGC,CDS,,../Ecoli Protein Expression Toolkit/Plasmids_Genbank/ODC_0210.gb
Ecoli Protein Expression Toolkit,ODC_0123,AF_high copy (pUC) ori/KanR,AGCG,CTCC,primer_bind,,../Ecoli Protein Expression Toolkit/Plasmids_Genbank/ODC_0123.gb
Ecoli Protein Expression Toolkit,ODC_0172,T3C_fuGFP,TGGA,CATT,CDS,,../Ecoli Protein Expression Toolkit/Plasmids_Genbank/ODC_0172.gb
Ecoli Protein Expression Toolkit,ODC_0152,BT2_RiboJ_B34,AGTA,TGAC,CDS,,../Ecoli Protein Expression Toolkit/Plasmids_Genbank/ODC_0152.gb
Ecoli Protein Expression Toolkit,ODC_0137,BT1_BCD2_pelB,AGTA,ATGG,CDS,,../Ecoli Protein Expression Toolkit/Plasmids_Genbank/ODC_0137.gb
Ecoli Protein Expression Toolkit,ODC_0166,T2T3_fuGFP,TGAC,TGGA,CDS,,../Ecoli Protein Expression Toolkit/Plasmids_Genbank/ODC_0166.gb
Ecoli Protein Expression Toolkit,ODC_0195,DT4_TEV,ACCT,CGAA,CDS,,../Ecoli Protein Expression Toolkit/Plasmids_Genbank/ODC_0195.gb
Ecoli Protein Expression Toolkit,ODC_0204,T4T5_fuGFP,CGAA,GCCG,CDS,,../Ecoli Protein Expression Toolkit/Plasmids_Genbank/ODC_0204.gb
Ecoli Protein Expression Toolkit,ODC_0214,T5E_3xStop,GCCG,AAGC,CDS,,../Ecoli Protein Expression Toolkit/Plasmids_Genbank/ODC_0214.gb
Ecoli Protein Expression Toolkit,ODC_0185,CD_HRP,CATT,ACCT,CDS,,../Ecoli Protein Expression Toolkit/Plasmids_Genbank/ODC_0185.gb
Ecoli Protein Expression Toolkit,ODC_0176,CD_Bst-LF,CATT,ACCT,CDS,,../Ecoli Protein Expression Toolkit/Plasmids_Genbank/ODC_0176.gb
Ecoli Protein Expression Toolkit,ODC_0127,AB_pTac,CTCC,AGTA,promoter,,../Ecoli Protein Expression Toolkit/Plasmids_Genbank/ODC_0127.gb
Ecoli Protein Expression Toolkit,ODC_0142,T1T2_R5,ATGG,TGAC,CDS,,../Ecoli Protein Expression Toolkit/Plasmids_Genbank/ODC_0142.gb
Ecoli Protein Expression Toolkit,ODC_0159,BC_BCD2,AGTA,CATT,CDS,,../Ecoli Protein Expression Toolkit/Plasmids_Genbank/ODC_0159.gb
Ecoli Protein Expression Toolkit,ODC_0118,CE_meffBlue/Rtms5/ NF pocilloporin /Biobrick K1033902,CATT,AAGC,CDS,,../Ecoli Protein Expression Toolkit/Plasmids_Genbank/ODC_0118.gb
Ecoli Protein Expression Toolkit,ODC_0149,T1C_GS flexible,ATGG,CATT,CDS,,../Ecoli Protein Expression Toolkit/Plasmids_Genbank/ODC_0149.gb
Ecoli Protein Expression Toolkit,ODC_0169,T3C_SUMO,TGGA,CATT,CDS,,../Ecoli Protein Expression Toolkit/Plasmids_Genbank/ODC_0169.gb
Ecoli Protein Expression Toolkit,ODC_0138,T1T2_Calm,ATGG,TGAC,CDS,,../Ecoli Protein Expression Toolkit/Plasmids_Genbank/ODC_0138.gb
Ecoli Protein Expression Toolkit,ODC_0128,BT1_BCD2,AGTA,ATGG,CDS,,../Ecoli Protein Expression Toolkit/Plasmids_Genbank/ODC_0128.gb
Ecoli Protein Expression Toolkit,ODC_0179,CD_gp32,CATT,ACCT,CDS,,../Ecoli Protein Expression Toolkit/Plasmids_Genbank/ODC_0179.gb
Ecoli Protein Expression Toolkit,ODC_0168,T2T3_GS flexible,TGAC,TGGA,CDS,,../Ecoli Protein Expression Toolkit/Plasmids_Genbank/ODC_0168.gb
Ecoli Protein Expression Toolkit,ODC_0139,T1T2_CBD,ATGG,TGAC,CDS,,../Ecoli Protein Expression Toolkit/Plasmids_Genbank/ODC_0139.gb
Ecoli Protein Expression Toolkit,ODC_0129,BT1_Riboj54_F1,AGTA,ATGG,CDS,,../Ecoli Protein Expression Toolkit/Plasmids_Genbank/ODC_0129.gb
Ecoli Protein Expression Toolkit,ODC_0178,CD_RNAseInhibitor,CATT,ACCT,CDS,,../Ecoli Protein Expression Toolkit/Plasmids_Genbank/ODC_0178.gb
Ecoli Protein Expression Toolkit,ODC_0158,BC_BCD12,AGTA,CATT,CDS,,../Ecoli Protein Expression Toolkit/Plasmids_Genbank/ODC_0158.gb
Ecoli Protein Expression Toolkit,ODC_0119,CE_sarcGFP,CATT,AAGC,CDS,,../Ecoli Protein Expression Toolkit/Plasmids_Genbank/ODC_0119.gb
Ecoli Protein Expression Toolkit,ODC_0148,T1T3_GS flexible,ATGG,TGGA,CDS,,../Ecoli Protein Expression Toolkit/Plasmids_Genbank/ODC_0148.gb
Open Enzyme Collection,ODC_0083,UDG,CATT,AAGC,CDS,,../Open Enzyme Collection/Plasmids_Genbank/ODC_0083.gb
Open Enzyme Collection,ODC_0070,T5 Exonuclease,CATT,AAGC,CDS,,../Open Enzyme Collection/Plasmids_Genbank/ODC_0070.gb
Open Enzyme Collection,ODC_0021,"Bsu DNA Polymerase I, Large Fragment",CATT,AAGC,CDS,,../Open Enzyme Collection/Plasmids_Genbank/ODC_0021.gb
Open Enzyme Collection,ODC_0015,Pyrococcus Sp. Heat-Stable DNA Polymerase (Deep Vent™ at NEB),CATT,AAGC,CDS,,../Open Enzyme Collection/Plasmids_Genbank/ODC_0015.gb
Open Enzyme Collection,ODC_0044,MMLV_RT (lack H),CATT,AAGC,CDS,,../Open Enzyme Collection/Plasmids_Genbank/ODC_0044.gb
Open Enzyme Collection,ODC_0054,M2.SapI methyltransferase,CATT,AAGC,CDS,,../Open Enzyme Collection/Plasmids_Genbank/ODC_0054.gb
Open Enzyme Collection,ODC_0031,DNA Ligase IV,CATT,AAGC,CDS,,../Open Enzyme Collection/Plasmids_Genbank/ODC_0031.gb
Open Enzyme Collection,ODC_0060,SfiI methyltransferase,CATT,AAGC,CDS,,../Open Enzyme Collection/Plasmids_Genbank/ODC_0060.gb
Open Enzyme Collection,ODC_0040,EcoRI methyltransferase,CATT,AAGC,CDS,,../Open Enzyme Collection/Plasmids_Genbank/ODC_0040.gb
Open Enzyme Collection,ODC_0011,KlenTaq1 polymerase,CATT,AAGC,CDS,,../Open Enzyme Collection/Plasmids_Genbank/ODC_0011.gb
Open Enzyme Collection,ODC_0087,Exonuclease III E. coli,CATT,AAGC,CDS,,../Open Enzyme Collection/Plasmids_Genbank/ODC_0087.gb
Open Enzyme Collection,ODC_0025,T4 DNA Polymerase,CATT,AAGC,CDS,,../Open Enzyme Collection/Plasmids_Genbank/ODC_0025.gb
Open Enzyme Collection,ODC_0074,T4 PNK,CATT,AAGC,CDS,,../Open Enzyme Collection/Plasmids_Genbank/ODC_0074.gb
Open Enzyme Collection,ODC_0064,NcoI methyltransferase,CATT,AAGC,CDS,,../Open Enzyme Collection/Plasmids_Genbank/ODC_0064.gb
Open Enzyme Collection,ODC_0035,T4 RNA Ligase 1,CATT,AAGC,CDS,,../Open Enzyme Collection/Plasmids_Genbank/ODC_0035.gb
Open Enzyme Collection,ODC_0050,Eco31IA methyltransferase,CATT,AAGC,CDS,,../Open Enzyme Collection/Plasmids_Genbank/ODC_0050.gb
Open Enzyme Collection,ODC_0041,PstI,CATT,AAGC,CDS,,../Open Enzyme Collection/Plasmids_Genbank/ODC_0041.gb
Open Enzyme Collection,ODC_0010,E. coli DNA Polymerase I,CATT,AAGC,CDS,,../Open Enzyme Collection/Plasmids_Genbank/ODC_0010.gb
Open Enzyme Collection,ODC_0086,Endonuclease VIII E. coli,CATT,AAGC,CDS,,../Open Enzyme Collection/Plasmids_Genbank/ODC_0086.gb
Open Enzyme Collection,ODC_0024,Sulfolobus DNA Polymerase IV,CATT,AAGC,CDS,,../Open Enzyme Collection/Plasmids_Genbank/ODC_0024.gb
Open Enzyme Collection,ODC_0075,T4 BGT,CATT,AAGC,CDS,,../Open Enzyme Collection/Plasmids_Genbank/ODC_0075.gb
Open Enzyme Collection,ODC_0065,HindIII,CATT,AAGC,CDS,,../Open Enzyme Collection/Plasmids_Genbank/ODC_0065.gb
Open Enzyme Collection,ODC_0034,Taq DNA Ligase,CATT,AAGC,CDS,,../Open Enzyme Collection/Plasmids_Genbank/ODC_0034.gb
Open Enzyme Collection,ODC_0051,Eco31IB methyltransferase,CATT,AAGC,CDS,,../Open Enzyme Collection/Plasmids_Genbank/ODC_0051.gb
Open Enzyme Collection,ODC_0082,lambda red operon,CATT,AAGC,CDS,,../Open Enzyme Collection/Plasmids_Genbank/ODC_0082.gb
Open Enzyme Collection,ODC_0071,HiFi Tth DNA Ligase,CATT,AAGC,CDS,,../Open Enzyme Collection/Plasmids_Genbank/ODC_0071.gb
Open Enzyme Collection,ODC_0020,"Bst DNA Polymerase, Large Fragment",CATT,AAGC,CDS,,../Open Enzyme Collection/Plasmids_Genbank/ODC_0020.gb
Open Enzyme Collection,ODC_0014,Pyrococcus Sp. Heat-Stable (exo–) DNA Polymerase (Deep Vent™ (exo–) DNA Polymerase at NEB),CATT,AAGC,CDS,,../Open Enzyme Collection/Plasmids_Genbank/ODC_0014.gb
Open Enzyme Collection,ODC_0045,Thermus thermophilus (Tth) RT,CATT,AAGC,CDS,,../Open Enzyme Collection/Plasmids_Genbank/ODC_0045.gb
Open Enzyme Collection,ODC_0055,XbaI,CATT,AAGC,CDS,,../Open Enzyme Collection/Plasmids_Genbank/ODC_0055.gb
Open Enzyme Collection,ODC_0030,DNA Lligase III,CATT,AAGC,CDS,,../Open Enzyme Collection/Plasmids_Genbank/ODC_0030.gb
Open Enzyme Collection,ODC_0061,EcoRV,CATT,AAGC,CDS,,../Open Enzyme Collection/Plasmids_Genbank/ODC_0061.gb
Open Enzyme Collection,ODC_0013,Pwo DNA Polymerase,CATT,AAGC,CDS,,../Open Enzyme Collection/Plasmids_Genbank/ODC_0013.gb
Open Enzyme Collection,ODC_0042,PstI methyltransferase,CATT,AAGC,CDS,,../Open Enzyme Collection/Plasmids_Genbank/ODC_0042.gb
Open Enzyme Collection,ODC_0076,T7 Endonuclease I,CATT,AAGC,CDS,,../Open Enzyme Collection/Plasmids_Genbank/ODC_0076.gb
Open Enzyme Collection,ODC_0027,T5 DNA Polymerase,CATT,AAGC,CDS,,../Open Enzyme Collection/Plasmids_Genbank/ODC_0027.gb
Open Enzyme Collection,ODC_0085,Endonuclease IV E. coli,CATT,AAGC,CDS,,../Open Enzyme Collection/Plasmids_Genbank/ODC_0085.gb
Open Enzyme Collection,ODC_0037,RNAse A,,,,No edges found,../Open Enzyme Collection/Plasmids_Genbank/ODC_0037.gb
Open Enzyme Collection,ODC_0066,HindIII methyltransferase,CATT,AAGC,CDS,,../Open Enzyme Collection/Plasmids_Genbank/ODC_0066.gb
Open Enzyme Collection,ODC_0052,SapI,CATT,AAGC,CDS,,../Open Enzyme Collection/Plasmids_Genbank/ODC_0052.gb
Open Enzyme Collection,ODC_0023,9°N-7 DNA Polymerase chain terminating (NEB > Therminator DNA Pol),CATT,AAGC,CDS,,../Open Enzyme Collection/Plasmids_Genbank/ODC_0023.gb
Open Enzyme Collection,ODC_0072,Dm dNK,CATT,AAGC,CDS,,../Open Enzyme Collection/Plasmids_Genbank/ODC_0072.gb
Open Enzyme Collection,ODC_0081,DNA Topoisomerase 1B (Vaccinia Virus),CATT,AAGC,CDS,,../Open Enzyme Collection/Plasmids_Genbank/ODC_0081.gb
Open Enzyme Collection,ODC_0046,T3 RNA Polymerase,CATT,AAGC,CDS,,../Open Enzyme Collection/Plasmids_Genbank/ODC_0046.gb
Open Enzyme Collection,ODC_0017,Tli DNA polymerase (exo-)(available from NEB as VentR® (exo-) DNA Polymerase),CATT,AAGC,CDS,,../Open Enzyme Collection/Plasmids_Genbank/ODC_0017.gb
Open Enzyme Collection,ODC_0007,9°N-7 DNA polymerase,CATT,AAGC,CDS,,../Open Enzyme Collection/Plasmids_Genbank/ODC_0007.gb
Open Enzyme Collection,ODC_0056,XbaI methyltransferase,CATT,AAGC,CDS,,../Open Enzyme Collection/Plasmids_Genbank/ODC_0056.gb
Open Enzyme Collection,ODC_0062,EcoRV methyltransferase,CATT,AAGC,CDS,,../Open Enzyme Collection/Plasmids_Genbank/ODC_0062.gb
Open Enzyme Collection,ODC_0033,Pfu DNA Ligase,CATT,AAGC,CDS,,../Open Enzyme Collection/Plasmids_Genbank/ODC_0033.gb
Open Enzyme Collection,ODC_0022,phi29 DNA Polymerase,CATT,AAGC,CDS,,../Open Enzyme Collection/Plasmids_Genbank/ODC_0022.gb
Open Enzyme Collection,ODC_0073,TEV protease,CATT,AAGC,CDS,,../Open Enzyme Collection/Plasmids_Genbank/ODC_0073.gb
Open Enzyme Collection,ODC_0080,Terminal transferase TdT (Bovine DNTT),CATT,AAGC,CDS,,../Open Enzyme Collection/Plasmids_Genbank/ODC_0080.gb
Open Enzyme Collection,ODC_0047,T7 RNA Polymerase,CATT,AAGC,CDS,,../Open Enzyme Collection/Plasmids_Genbank/ODC_0047.gb
Open Enzyme Collection,ODC_0016,Taq DNA Polymerase,CATT,AAGC,CDS,,../Open Enzyme Collection/Plasmids_Genbank/ODC_0016.gb
Open Enzyme Collection,ODC_0057,NotI,CATT,AAGC,CDS,,../Open Enzyme Collection/Plasmids_Genbank/ODC_0057.gb
Open Enzyme Collection,ODC_0063,NcoI,CATT,AAGC,CDS,,../Open Enzyme Collection/Plasmids_Genbank/ODC_0063.gb
Open Enzyme Collection,ODC_0032,9 Degrees North DNA Ligase,CATT,AAGC,CDS,,../Open Enzyme Collection/Plasmids_Genbank/ODC_0032.gb
Open Enzyme Collection,ODC_0012,KOD DNA polymerase,CATT,AAGC,CDS,,../Open Enzyme Collection/Plasmids_Genbank/ODC_0012.gb
Open Enzyme Collection,ODC_0043,MMLV_RT (mut H),CATT,AAGC,CDS,,../Open Enzyme Collection/Plasmids_Genbank/ODC_0043.gb
Open Enzyme Collection,ODC_0077,T4 Endonuclease V (T4 PDG),CATT,AAGC,CDS,,../Open Enzyme Collection/Plasmids_Genbank/ODC_0077.gb
Open Enzyme Collection,ODC_0026,T7 DNA Polymerase (unmodified),CATT,AAGC,CDS,,../Open Enzyme Collection/Plasmids_Genbank/ODC_0026.gb
Open Enzyme Collection,ODC_0084,Fpg,CATT,AAGC,CDS,,../Open Enzyme Collection/Plasmids_Genbank/ODC_0084.gb
Open Enzyme Collection,ODC_0036,CIP (calf intestinal phosphatase),CATT,AAGC,CDS,,../Open Enzyme Collection/Plasmids_Genbank/ODC_0036.gb
Open Enzyme Collection,ODC_0067,DpnI,CATT,AAGC,CDS,,../Open Enzyme Collection/Plasmids_Genbank/ODC_0067.gb
Open Enzyme Collection,ODC_0053,M1.SapI methyltransferase,CATT,AAGC,CDS,,../Open Enzyme Collection/Plasmids_Genbank/ODC_0053.gb
Open Enzyme Collection,ODC_0019,"Bst DNA Polymerase, Full Length",CATT,AAGC,CDS,,../Open Enzyme Collection/Plasmids_Genbank/ODC_0019.gb
Open Enzyme Collection,ODC_0048,SP6 RNA Polymerase,CATT,AAGC,CDS,,../Open Enzyme Collection/Plasmids_Genbank/ODC_0048.gb
Open Enzyme Collection,ODC_0058,NotI methyltransferase,CATT,AAGC,CDS,,../Open Enzyme Collection/Plasmids_Genbank/ODC_0058.gb
Open Enzyme Collection,ODC_0009,"DNA Polymerase I, Large (Klenow) Fragment (3′→5′ exo-)",CATT,AAGC,CDS,,../Open Enzyme Collection/Plasmids_Genbank/ODC_0009.gb
Open Enzyme Collection,ODC_0029,E. coli DNA Ligase,CATT,AAGC,CDS,,../Open Enzyme Collection/Plasmids_Genbank/ODC_0029.gb
Open Enzyme Collection,ODC_0078,T4 g32,CATT,AAGC,CDS,,../Open Enzyme Collection/Plasmids_Genbank/ODC_0078.gb
Open Enzyme Collection,ODC_0068,Bst HF,CATT,AAGC,CDS,,../Open Enzyme Collection/Plasmids_Genbank/ODC_0068.gb
Open Enzyme Collection,ODC_0039,EcoRI,CATT,AAGC,CDS,,../Open Enzyme Collection/Plasmids_Genbank/ODC_0039.gb
Open Enzyme Collection,ODC_0028,T4-DNA Ligase,CATT,AAGC,CDS,,../Open Enzyme Collection/Plasmids_Genbank/ODC_0028.gb
Open Enzyme Collection,ODC_0079,P45,CATT,AAGC,CDS,,../Open Enzyme Collection/Plasmids_Genbank/ODC_0079.gb
Open Enzyme Collection,ODC_0069,ET SSB,CATT,AAGC,CDS,,../Open Enzyme Collection/Plasmids_Genbank/ODC_0069.gb
Open Enzyme Collection,ODC_0038,RNAse H,CATT,AAGC,CDS,,../Open Enzyme Collection/Plasmids_Genbank/ODC_0038.gb
Open Enzyme Collection,ODC_0018,Tth DNA polymerase,CATT,AAGC,CDS,,../Open Enzyme Collection/Plasmids_Genbank/ODC_0018.gb
Open Enzyme Collection,ODC_0049,Eco31I,CATT,AAGC,CDS,,../Open Enzyme Collection/Plasmids_Genbank/ODC_0049.gb
Open Enzyme Collection,ODC_0059,SfiI,CATT,AAGC,CDS,,../Open Enzyme Collection/Plasmids_Genbank/ODC_0059.gb
Open Enzyme Collection,ODC_0008,"DNA Polymerase I, Large (Klenow) Fragment",CATT,AAGC,CDS,,../Open Enzyme Collection/Plasmids_Genbank/ODC_0008.gb
Open Plasmids,ODC_0005,pTiR,CTCC,AGCG,misc_feature,,../Open Plasmids/Plasmids_Genbank/ODC_0005.gb
Open Plasmids,ODC_0001,pInducible/pOpen_v4,,,,No edges found,../Open Plasmids/Plasmids_Genbank/ODC_0001.gb
Open Plasmids,ODC_0004,pTi,CTCC,AGCG,re_site,,../Open Plasmids/Plasmids_Genbank/ODC_0004.gb
Open Plasmids,ODC_0003,pYeast/pOpen_yeast,CATT,AAGC,,No edges found,../Open Plasmids/Plasmids_Genbank/ODC_0003.gb
Open Plasmids,ODC_0006,pTiER,CTCC,AGCG,misc_feature,,../Open Plasmids/Plasmids_Genbank/ODC_0006.gb
Open Plasmids,ODC_0002,pBuild/pOpen_v3,,,,No edges found,../Open Plasmids/Plasmids_Genbank/ODC_0002.gb
Bacillus subtilis Protein Secretion Toolkit,ODC_0336,BsubSecTagLP_6,AGTA,ATGG,,Multiple edges found,../Bacillus subtilis Protein Secretion Toolkit/Plasmids_Genbank/ODC_0336.gb
Bacillus subtilis Protein Secretion Toolkit,ODC_0332,BsubSecTagLP_2,AGTA,ATGG,,Multiple edges found,../Bacillus subtilis Protein Secretion Toolkit/Plasmids_Genbank/ODC_0332.gb
Bacillus subtilis Protein Secretion Toolkit,ODC_0333,BsubSecTagLP_3,AGTA,ATGG,,Multiple edges found,../Bacillus subtilis Protein Secretion Toolkit/Plasmids_Genbank/ODC_0333.gb
Bacillus subtilis Protein Secretion Toolkit,ODC_0334,BsubSecTagLP_4,AGTA,ATGG,,Multiple edges found,../Bacillus subtilis Protein Secretion Toolkit/Plasmids_Genbank/ODC_0334.gb
Bacillus subtilis Protein Secretion Toolkit,ODC_0335,BsubSecTagLP_5,AGTA,ATGG,,Multiple edges found,../Bacillus subtilis Protein Secretion Toolkit/Plasmids_Genbank/ODC_0335.gb
Bacillus subtilis Protein Secretion Toolkit,ODC_0331,BsubSecTagLP_1,AGTA,ATGG,,Multiple edges found,../Bacillus subtilis Protein Secretion Toolkit/Plasmids_Genbank/ODC_0331.gb
